{
    "command": "confirmar",
    "mean_energy": [
        0.2750604544315255,
        0.4712025571524776,
        0.2537369884159967
    ],
    "std_energy": [
        0.2820186701185611,
        0.1657595465364254,
        0.26049705227888825
    ],
    "num_samples": 100
}