{
    "command": "dos",
    "mean_energy": [
        0.7004030747329576,
        0.273890898800718,
        0.025706026466324375
    ],
    "std_energy": [
        0.34340731132836444,
        0.30798163207086593,
        0.1087267333247881
    ],
    "num_samples": 100
}