{
    "command": "uno",
    "mean_energy": [
        0.5718620497216179,
        0.3710827462889244,
        0.05705520398945754
    ],
    "std_energy": [
        0.29293143158334783,
        0.2414038864842093,
        0.07823318832446802
    ],
    "num_samples": 100
}